540.1660294688741;27.058301473443706
-135.35778522520195;-6.717889261260098
145.3559829492351;7.317799147461756
252.14958150255188;12.657479075127595
712.9128871290461;35.695644356452306
34.572878906188635;1.7786439453094318
-693.9812329691086;-34.64906164845544
-347.9390797186022;-17.34695398593011
353.3313953492657;17.716569767463284
-328.81659998456246;-16.390829999228124
733.2683845832996;36.71341922916498
-4.531163341710908;-0.1765581670855454
-143.0485886810144;-7.102429434050721
858.9669410141396;42.99834705070698
-328.7754522227077;-16.388772611135387
-187.32911553139786;-9.316455776569892
-661.9665662107841;-33.04832831053921
-911.7893307736238;-45.5394665386812
-172.39923586988357;-8.569961793494178
443.4739086478978;22.223695432394894
520.3277929732315;26.066389648661573
203.746165454447;10.237308272722352
-474.74390006827366;-23.687195003413684
389.0998594642733;19.504992973213668
-677.6464764973857;-33.83232382486929
237.63412376004817;11.93170618800241
-224.5610498756365;-11.178052493781825
697.7252525803183;34.936262629015914
143.56923196770572;7.2284615983852865
540.0490604037241;27.052453020186206
-427.4099056196734;-21.32049528098367
795.7589985443462;39.83794992721731
-678.958091085862;-33.8979045542931
567.6285687967679;28.4314284398384
-802.9634409129667;-40.09817204564834
-556.4967106791663;-27.774835533958317
-535.6012163769335;-26.730060818846678
-413.0426438819743;-20.602132194098715
-871.7207302216539;-43.5360365110827
405.0481956049798;20.302409780248993
688.4951022991227;34.47475511495613
-476.52229976655076;-23.77611498832754
-401.0366839991715;-20.001834199958576
461.71406119814446;23.135703059907225
307.8954521678354;15.444772608391771
422.9602689593239;21.198013447966197
734.1110210544061;36.75555105272031
-892.8586853720499;-44.5929342686025
-545.8360479895947;-27.241802399479734
705.8427667481631;35.34213833740815
751.1432856235931;37.60716428117966
-133.96985710937417;-6.648492855468709
188.4239090122628;9.471195450613141
-143.49099163536084;-7.124549581768043
-828.8306350874366;-41.39153175437183
236.9007997438839;11.895039987194197
-712.0788901599295;-35.55394450799648
759.8840603073065;38.044203015365326
164.01301241593546;8.250650620796774
38.405141974301614;1.970257098715081
669.3490213394753;33.51745106697376
-461.71542009767256;-23.035771004883628
-922.8655385667017;-46.093276928335094
-842.523353087035;-42.07616765435176
-546.4715677792658;-27.27357838896329
-317.99523837884385;-15.849761918942193
-376.19734417978964;-18.759867208989483
-359.658076610865;-17.93290383054325
-615.0486212448156;-30.702431062240784
-196.22217560959143;-9.76110878047957
539.5571116775641;27.027855583878207
939.6672580999361;47.03336290499681
-829.6495419672765;-41.43247709836383
-425.98159153887934;-21.249079576943966
981.7120050253277;49.13560025126638
795.4221575146771;39.82110787573386
643.4762838649242;32.223814193246206
-939.2333450299654;-46.91166725149828
772.0262946899063;38.651314734495315
853.3486253105418;42.71743126552709
-642.5067988859325;-32.07533994429663
54.856414546981114;2.7928207273490555
861.7894876218049;43.139474381090245
-236.54633397366047;-11.777316698683023
171.71827276818112;8.635913638409058
-293.0231224558104;-14.601156122790519
-438.5173995483931;-21.875869977419654
-952.0642305605602;-47.553211528028015
461.7167522496875;23.135837612484377
827.8453226346237;41.44226613173119
-538.1197033659234;-26.855985168296172
-455.805528784873;-22.74027643924365
267.71170640770583;13.435585320385293
757.6431299861281;37.9321564993064
386.40955798923846;19.370477899461925
-992.4498709037488;-49.57249354518744
-119.44449672695077;-5.92222483634754
655.0543700365956;32.80271850182978
393.1679996653918;19.70839998326959
-612.8625506550254;-30.59312753275127
-100.38254684843162;-4.969127342421581
790.5161204763701;39.57580602381851
-633.5315336079664;-31.62657668039832
-860.0224672217946;-42.951123361089735
-476.37365898976407;-23.768682949488205
-430.19991457481547;-21.459995728740775
-179.17651540142867;-8.908825770071433
500.4709473202713;25.073547366013567
959.2657802724332;48.01328901362166
-419.16172759872654;-20.90808637993633
1.9926876195654586;0.14963438097827292
68.37660437800082;3.468830218900041
-659.0694793549585;-32.90347396774793
288.2750564448979;14.463752822244897
435.6692360622769;21.83346180311385
-385.4162504990486;-19.220812524952432
930.3817115844115;46.56908557922058
-640.2862961567328;-31.96431480783664
-705.1167824487743;-35.20583912243872
-879.9503530997898;-43.9475176549895
-476.72358485859695;-23.786179242929848
791.0763207387897;39.603816036939484
887.7137811689847;44.435689058449235
-929.642778833694;-46.432138941684705
392.25989969628426;19.662994984814215
220.49125244019592;11.074562622009797
-949.2628579445135;-47.41314289722568
-169.02454818699982;-8.40122740934999
993.3029175022002;49.71514587511001
379.69496344951835;19.03474817247592
-115.64961081712295;-5.732480540856148
796.3070336205542;39.86535168102771
343.597624637546;17.2298812318773
-191.44177925115093;-9.522088962557547
754.6132615689178;37.78066307844589
-698.0015206270225;-34.85007603135113
18.144648950973078;0.957232447548654
195.36242818419123;9.818121409209564
-389.4705321834491;-19.423526609172455
-759.1888009577972;-37.909440047889866
11.415024004112183;0.6207512002056093
238.0561117959462;11.952805589797311
25.8203156478869;1.3410157823943452
18.81127998524073;0.9905639992620366
-128.68861951923134;-6.384430975961568
-540.7373075670752;-26.98686537835376
466.4572220025673;23.372861100128365
506.27815220344905;25.363907610172454
-419.47263398543646;-20.923631699271823
378.97676104553375;18.99883805227669
-359.42405649886064;-17.92120282494303
-140.21090455386195;-6.960545227693098
2.5985978657030273;0.17992989328515135
-755.8725418624856;-37.74362709312428
382.3060921687061;19.165304608435306
976.0592343366357;48.852961716831786
-562.8124552924769;-28.090622764623845
-638.5908998251655;-31.879544991258275
-728.8565879465782;-36.39282939732892
-430.77789944749463;-21.488894972374734
-580.5521136728919;-28.977605683644594
-395.25551672099925;-19.712775836049964
-804.0635348315582;-40.153176741577916
-311.1579120845536;-15.507895604227679
-117.56125646665612;-5.8280628233328065
-888.3952329300653;-44.36976164650327
-843.4728659222717;-42.12364329611359
-738.9220117128798;-36.89610058564399
-103.34072456999729;-5.117036228499865
-410.74312337337165;-20.487156168668584
-657.5010185692021;-32.82505092846011
421.9947237362644;21.14973618681322
619.5400139553997;31.027000697769985
-33.14493864988742;-1.6072469324943712
699.8292578333028;35.04146289166514
364.91838016341717;18.29591900817086
973.8187937925222;48.74093968962611
831.4093705200776;41.620468526003876
-270.70223520114234;-13.485111760057118
42.52859291195705;2.1764296455978522
-380.24240573845793;-18.962120286922897
-415.742848186714;-20.7371424093357
-259.837917899065;-12.941895894953252
-604.1393788914879;-30.1569689445744
-531.3486354521397;-26.517431772606983
685.7586878173342;34.337934390866714
-87.37924951434081;-4.318962475717041
-416.6624096068796;-20.783120480343978
-799.9845495043128;-39.94922747521564
-115.48698690954006;-5.724349345477004
-903.8505996296122;-45.14252998148062
-644.7462083109031;-32.187310415545156
993.8619981278532;49.74309990639266
937.5017722327877;46.92508861163939
-74.21699692499487;-3.660849846249744
-954.3758042904955;-47.668790214524776
278.7380899896939;13.986904499484696
-298.0811161587993;-14.854055807939966
-783.9925711078923;-39.14962855539462
-802.9731915949814;-40.098659579749075
892.8957472418374;44.69478736209187
749.7276532540809;37.53638266270404
465.31149376533153;23.31557468826658
651.896315561421;32.64481577807105
-747.4683318308073;-37.32341659154037
740.756516803074;37.0878258401537
49.43065492767664;2.521532746383832
782.5596563950767;39.17798281975384
854.8510057665592;42.79255028832796
932.6115422853641;46.6805771142682
-416.4520710131096;-20.772603550655482
-46.83171863350037;-2.291585931675019
930.2020891178634;46.56010445589317
-947.3674414219753;-47.31837207109877
910.6263664336848;45.581318321684236
-538.9986714816513;-26.899933574082564
-146.2232759577031;-7.261163797885155
-768.2395565180898;-38.361977825904496
-268.00234054460304;-13.350117027230151
680.1248865020216;34.056244325101076
-297.42366832180903;-14.821183416090452
184.91304793611948;9.295652396805975
-778.7210997583459;-38.8860549879173
29.35148589456412;1.5175742947282063
505.59744235053427;25.329872117526715
374.5838115028482;18.77919057514241
-553.9103253651807;-27.645516268259037
-529.7775278492585;-26.438876392462927
941.9388752000357;47.14694376000178
-337.04646723091525;-16.802323361545763
-875.6569921182089;-43.73284960591045
191.8532621101699;9.642663105508497
181.03160658803972;9.101580329401987
749.1047047816467;37.50523523908233
85.74094974581521;4.337047487290761
991.5183119674584;49.62591559837292
471.4086495768422;23.620432478842112
93.8273787588098;4.74136893794049
-672.9714564448268;-33.598572822241344
260.160148080573;13.05800740402865
66.63009581507549;3.3815047907537745
-357.477448212151;-17.82387241060755
-246.7729993934065;-12.288649969670326
939.3348048334626;47.01674024167313
-126.28207351370156;-6.264103675685079
539.5959344984108;27.02979672492054
-505.8458445830079;-25.242292229150394
-972.401821672271;-48.570091083613555
-334.82500370973287;-16.691250185486645
-582.8508765049294;-29.09254382524647
-449.1382519808682;-22.40691259904341
-507.456322849243;-25.322816142462152
-233.23515020952402;-11.6117575104762
-874.3477563000721;-43.66738781500361
129.4225700890081;6.521128504450405
535.6361332921399;26.831806664606997
-986.73756728297;-49.28687836414851
571.4747317865192;28.62373658932596
856.614967193289;42.88074835966445
-533.601459957142;-26.6300729978571
587.6582227558754;29.43291113779377
-566.3242072931076;-28.266210364655382
-232.43300505796412;-11.571650252898205
919.9835859343927;46.049179296719636
991.3559468188002;49.617797340940015
-574.3940054632913;-28.669700273164562
984.870380498508;49.2935190249254
-9.62955789560715;-0.43147789478035753
462.13935105108453;23.156967552554228
-840.9965626961305;-41.99982813480653
353.94879341780256;17.74743967089013
-420.91530183003;-20.9957650915015
-940.8398140332339;-46.9919907016617
922.2632667897908;46.16316333948954
-803.9668100480822;-40.14834050240411
547.4237974159676;27.42118987079838
951.3839955667934;47.61919977833967
768.5747034473115;38.478735172365575
-911.1456903816604;-45.50728451908303
-778.5358322018847;-38.87679161009424
-564.6728066999793;-28.183640334998966
-300.81299772795614;-14.990649886397808
-358.94785893654466;-17.89739294682723
-71.67459130258158;-3.533729565129079
359.9002856625723;18.045014283128616
-382.8535676562543;-19.092678382812714
50.92265169725124;2.596132584862562
59.827415639512765;3.041370781975638
-249.91585170050757;-12.445792585025378
185.87818409995793;9.343909204997898
-842.6372945766036;-42.08186472883018
342.96821517551166;17.198410758775584
601.3714408100398;30.11857204050199
154.50634590413506;7.7753172952067535
-736.2733674320966;-36.76366837160484
-837.890117742246;-41.844505887112305
10.786189046648701;0.5893094523324351
-769.8178318367761;-38.44089159183881
-775.5569192406826;-38.72784596203414
-891.9538163620648;-44.54769081810325
-894.2491958994103;-44.66245979497052
167.68930496706594;8.434465248353298
846.2027577006224;42.36013788503112
585.395502405501;29.319775120275054
-56.26075289086293;-2.763037644543147
-57.559017166672675;-2.827950858333634
-726.765048158921;-36.288252407946054
-53.8325527654024;-2.64162763827012
943.1711324304958;47.20855662152479
20.907157122923763;1.0953578561461883
-922.4954003903493;-46.07477001951747
-541.0604633854863;-27.003023169274314
435.9993194400754;21.849965972003773
-473.278490309253;-23.613924515462653
57.425826161365876;2.9212913080682936
-844.7297841037051;-42.18648920518526
69.41388154049173;3.5206940770245865
-85.8767166062529;-4.243835830312645
419.40643042475995;21.020321521238
-825.6174584812703;-41.23087292406352
-794.4521097908732;-39.67260548954367
-223.27478377339196;-11.113739188669598
559.4126633971466;28.020633169857334
831.247668748126;41.6123834374063
841.6037360699015;42.13018680349508
300.1336471169527;15.056682355847638
770.253701387895;38.56268506939475
-447.28407794270026;-22.314203897135013
-523.1069700557491;-26.105348502787457
559.1507161891291;28.007535809456456
-47.01692849228459;-2.30084642461423
-128.59384868837685;-6.3796924344188435
594.6494525854969;29.782472629274846
107.11516565754687;5.405758282877343
174.94347879366842;8.797173939683422
233.42879314734182;11.721439657367092
578.9795961339546;28.998979806697733
-650.8180936159913;-32.49090468079957
839.393506232823;42.01967531164115
135.9166186213231;6.845830931066155
-549.9023297106583;-27.445116485532914
-950.7065867853046;-47.485329339265235
938.005920905947;46.95029604529735
571.2401138688838;28.612005693444193
813.8104598288276;40.74052299144138
551.8594125149289;27.642970625746447
-416.13597781420015;-20.75679889071001
-290.0201799838085;-14.451008999190424
-938.2968657262383;-46.86484328631192
200.4465635269878;10.07232817634939
-792.6604744364329;-39.58302372182165
781.8156181360941;39.14078090680471
-536.5637825764722;-26.778189128823612
-525.1646926382693;-26.208234631913466
72.08184828766571;3.6540924143832854
590.1805176766566;29.55902588383283
808.5044343344816;40.47522171672408
-124.5007277708678;-6.175036388543391
265.5786544743339;13.328932723716697
-87.65614603247275;-4.332807301623638
394.7710813972899;19.788554069864496
767.5097897060975;38.42548948530487
957.4834363406571;47.92417181703286
-98.50112540323153;-4.8750562701615765
570.2595684877135;28.56297842438568
-216.47236652673098;-10.77361832633655
-752.2635810267277;-37.56317905133639
234.03861536930913;11.751930768465458
16.30941836289753;0.8654709181448766
552.8392708733559;27.691963543667796
211.83141115721946;10.641570557860975
-851.1530275570129;-42.50765137785065
-788.0441047049846;-39.35220523524924
768.4837809112532;38.47418904556266
935.9396572517014;46.84698286258507
911.4721099956387;45.62360549978193
635.1301665749104;31.806508328745522
-698.5716725086118;-34.87858362543059
-458.94202043434177;-22.897101021717088
-585.7092324470573;-29.235461622352865
858.8218351261871;42.99109175630936
-1.4574280711427718;-0.022871403557138598
-973.9187619142484;-48.645938095712424
-536.971643600006;-26.798582180000302
712.7084170038934;35.68542085019467
676.6066634384183;33.88033317192092
-198.46359622416253;-9.873179811208127
-488.4184773823339;-24.370923869116695
988.7824628609319;49.4891231430466
303.2383012226437;15.211915061132187
598.5062073162192;29.97531036581096
-377.5455986216873;-18.827279931084366
-581.185325446377;-29.00926627231885
796.5116476220821;39.87558238110411
-68.51394141628032;-3.375697070814016
910.0539472453288;45.55269736226644
-604.2017290167671;-30.160086450838357
919.7093467645757;46.035467338228784
526.1691495076532;26.35845747538266
663.7053963430992;33.23526981715496
-439.0435807425803;-21.902179037129013
512.3932901579685;25.66966450789843
-220.5619859882362;-10.97809929941181
-960.4458179911362;-47.97229089955682
-299.0437787939286;-14.90218893969643
-552.9276707300892;-27.596383536504458
-12.190423805817204;-0.5595211902908602
546.9726395067933;27.398631975339665
-364.83341244904204;-18.1916706224521
709.3585055674921;35.517925278374605
468.1642384456868;23.45821192228434
189.95138714104883;9.547569357052442
771.5880660169453;38.629403300847265
885.983317072579;44.349165853628946
-165.17579151955863;-8.208789575977931
141.9323927661344;7.14661963830672
119.71187183716734;6.035593591858367
-757.8728797436793;-37.84364398718397
809.8541966479754;40.54270983239877
149.87291698594686;7.543645849297343
412.8203789325066;20.691018946625334
-151.19344287650404;-7.5096721438252025
425.01525495653095;21.30076274782655
-454.41179399841803;-22.670589699920903
544.0963346502731;27.254816732513657
-28.336908591945416;-1.366845429597271
-526.7819668282718;-26.28909834141359
-956.9498946032197;-47.79749473016099
402.4336653225175;20.17168326612588
-60.517045845514644;-2.9758522922757327
956.0497574702867;47.852487873514335
-78.45965826992688;-3.8729829134963443
-963.7592522285752;-48.13796261142876
810.4164825121827;40.570824125609136
471.3430839023074;23.617154195115372
61.24107786988384;3.112053893494192
556.2374759927998;27.86187379963999
-565.2791888053271;-28.213959440266354
733.1884449372772;36.70942224686386
306.7704521168612;15.388522605843061
-651.794537755777;-32.53972688778885
-937.4952688681337;-46.824763443406695
-163.77713056317236;-8.138856528158618
-576.0255371829435;-28.751276859147175
31.714702100900467;1.6357351050450235
705.7860362947756;35.33930181473878
-477.45670877146745;-23.822835438573374
41.90886626524025;2.1454433132620125
446.42980024972644;22.371490012486323
571.1429681593295;28.607148407966477
-179.89792295115944;-8.944896147557971
840.9495946280445;42.097479731402224
-894.3779004994636;-44.66889502497319
-889.5043982101803;-44.42521991050902
907.8250654295528;45.441253271477635
894.803799196528;44.7901899598264
-46.01773221408382;-2.250886610704191
-268.4643354994836;-13.373216774974178
156.6423688506502;7.88211844253251
397.4324086714921;19.921620433574606
368.28359124704957;18.46417956235248
-153.54032228972267;-7.627016114486134
17.34560462300783;0.9172802311503916
-888.7750118836691;-44.38875059418346
346.8756991013836;17.39378495506918
-89.94202472449092;-4.447101236224547
-779.4382525853428;-38.92191262926714
-414.95733015625365;-20.697866507812684
-896.9632147679092;-44.79816073839547
990.6481622028996;49.58240811014498
280.60086519551464;14.080043259775733
503.61146686494203;25.230573343247105
819.6466745109744;41.032333725548725
-675.756493055407;-33.73782465277035
-984.6731509165228;-49.183657545826144
585.1426785018102;29.307133925090515
833.8334824285532;41.741674121427664
-671.8414165910589;-33.54207082955295
717.7382864680956;35.93691432340478
854.1302635596205;42.75651317798103
970.1985307996172;48.55992653998086
275.9921525133361;13.849607625666808
-99.84519761385411;-4.942259880692706
185.1596446514218;9.30798223257109
454.07603651360046;22.753801825680025
-652.5230798186159;-32.5761539909308
786.5188510985824;39.375942554929125
-851.0141950763895;-42.50070975381948
287.7563776422278;14.43781888211139
-749.3334698188226;-37.41667349094113
-997.9229067277522;-49.846145336387615
-558.2980407783746;-27.86490203891873
-202.97686689215323;-10.098843344607662
-978.3868907796216;-48.86934453898108
-281.5410903927535;-14.027054519637677
611.4969897243559;30.624849486217798
882.5361611685696;44.17680805842848
575.4196746869327;28.820983734346637
-956.5232132127593;-47.77616066063797
349.32801459425195;17.5164007297126
-459.92668872796844;-22.946334436398423
501.0420348252892;25.102101741264462
418.4806352401645;20.974031762008227
-390.0072538846788;-19.45036269423394
397.0221818479704;19.90110909239852
851.0910411495763;42.60455205747881
-29.48260758270544;-1.4241303791352722
-737.2748093707828;-36.813740468539145
723.8202493757594;36.24101246878797
516.6216622426382;25.88108311213191
-260.0250813206708;-12.951254066033538
-541.9433356372055;-27.047166781860273
309.78917391532696;15.53945869576635
-231.1370460361852;-11.50685230180926
80.58480660233727;4.079240330116863
-892.3539051563039;-44.5676952578152
-667.4995760795122;-33.32497880397561
733.6169847600258;36.73084923800129
265.0652567443549;13.303262837217746
776.2633216674951;38.86316608337476
17.626387668228972;0.9313193834114487
-910.3883772920774;-45.469418864603874
-269.62871775559734;-13.431435887779866
236.7709382865305;11.888546914326527
-146.52063505496199;-7.2760317527481
384.6647083510063;19.28323541755032
-302.9642529538114;-15.09821264769057
-3.961192996609043;-0.14805964983045217
-889.0360677878173;-44.40180338939087
-515.3244823403187;-25.716224117015937
154.7581036736483;7.7879051836824145
93.61421315543566;4.730710657771783
839.5914730234231;42.029573651171155
768.1898082307646;38.459490411538226
648.8548333048873;32.49274166524436
661.709951998487;33.13549759992435
90.78539536183689;4.589269768091844
596.4941882198082;29.87470941099041
-42.03985202694844;-2.0519926013474223
508.25338717315526;25.462669358657767
853.560578240526;42.728028912026296
-34.99771871847463;-1.6998859359237315
497.4925659646965;24.924628298234826
-994.4630993140455;-49.67315496570228
-198.26344018509224;-9.863172009254612
153.39480607350833;7.719740303675417
172.0913875549436;8.654569377747181
43.30233239651693;2.2151166198258463
769.1094794242927;38.505473971214634
-93.86711534924257;-4.643355767462129
-592.655155829513;-29.58275779147565
-911.3651140432688;-45.518255702163444
-844.5808003595525;-42.179040017977634
-604.410934808308;-30.1705467404154
867.6222498377874;43.43111249188937
152.58375646559398;7.679187823279699
-621.6140716347194;-31.03070358173597
950.7471711806572;47.587358559032864
-622.9068169839469;-31.095340849197346
-272.92334032812255;-13.596167016406127
908.0238580462333;45.45119290231166
-471.5311410469052;-23.52655705234526
927.5945777314416;46.42972888657208
-999.8305420315377;-49.94152710157689
-284.5771893694713;-14.178859468473565
907.5231894041497;45.42615947020748
-865.7567131039514;-43.23783565519757
-72.68507288160549;-3.584253644080275
860.3775145159623;43.068875725798115
-204.0059932080842;-10.15029966040421
-980.1657919692035;-48.95828959846018
759.384888668325;38.01924443341625
-833.2718744195333;-41.613593720976674
791.5748554958429;39.628742774792144
-196.84112177649513;-9.792056088824756
806.8503632724678;40.39251816362339
381.5079093383847;19.125395466919237
238.60056799714266;11.980028399857135
39.151152152481245;2.0075576076240624
705.4296927484463;35.321484637422316
542.0206492503075;27.151032462515378
956.9011578977393;47.89505789488696
696.6052655095646;34.88026327547823
-286.7189956821627;-14.285949784108135
-843.8040773480449;-42.14020386740225
522.7566940266975;26.187834701334875
885.4120799747373;44.320603998736864
751.440530578079;37.62202652890395
-671.6744677259503;-33.53372338629752
734.8823532889469;36.79411766444734
956.1358064541382;47.856790322706914
-475.2558871772337;-23.712794358861686
-367.4070804038116;-18.32035402019058
611.2908649329338;30.614543246646694
-862.1224622191314;-43.05612311095658
-915.9850649731211;-45.74925324865606
-760.6768206994323;-37.98384103497162
106.43609323985106;5.371804661992553
-350.38328050443886;-17.469164025221943
-553.8558288452908;-27.642791442264542
139.81283764138766;7.040641882069383
975.9018485384677;48.84509242692339
486.38477797509495;24.369238898754748
-686.3778980862387;-34.26889490431194
722.6151155595517;36.18075577797758
426.36651446870155;21.36832572343508
958.1884339119501;47.959421695597506
318.0681997767881;15.953409988839407
-222.06248727385764;-11.053124363692882
811.590756891874;40.6295378445937
143.12785933939813;7.206392966969907
782.4304082624851;39.171520413124256
708.8097033857923;35.49048516928961
972.0488113816918;48.65244056908459
-994.6999408883675;-49.68499704441838
-180.99579083881758;-8.99978954194088
-915.3749841613079;-45.718749208065404
178.85118463344247;8.992559231672125
743.8649185355541;37.2432459267777
-205.6899104268242;-10.234495521341211
-780.031181902626;-38.95155909513131
-944.5492219172742;-47.17746109586371
848.0686761642403;42.45343380821201
-694.0223187843474;-34.65111593921737
42.24819833108677;2.1624099165543385
522.1285916591783;26.156429582958914
176.0665497508503;8.853327487542517
821.2398453134208;41.11199226567104
900.0455736137606;45.052278680688026
574.4436245780912;28.77218122890456
852.5724543318065;42.678622716590326
61.19173915293072;3.109586957646536
-749.52742473552;-37.426371236776
696.1457201516082;34.857286007580406
-484.5442176700807;-24.177210883504035
-354.49834456075814;-17.674917228037906
326.9477111178355;16.397385555891777
-169.7361880098955;-8.436809400494775
767.2105043952354;38.410525219761766
-737.3230169643432;-36.81615084821716
-783.4239453480958;-39.121197267404796
220.11705976931148;11.055852988465576
-230.72755613103607;-11.486377806551804
972.6175720580472;48.68087860290236
743.06320635322;37.203160317661
663.0901694171164;33.20450847085582
775.1930230992771;38.80965115496385
-600.5453573567443;-29.977267867837213
-406.0576146954105;-20.252880734770525
339.302213010124;17.0151106505062
-277.0066480521251;-13.800332402606255
-786.5639425865741;-39.27819712932871
-238.21518891604796;-11.860759445802397
-125.11220792278664;-6.205610396139332
823.2750830560678;41.21375415280339
731.7741698180666;36.63870849090333
-266.53455179950834;-13.276727589975417
544.977204699401;27.298860234970054
938.0582577039029;46.95291288519515
-29.936055947028308;-1.4468027973514155
-891.2391855179492;-44.51195927589747
555.6923039293506;27.83461519646753
708.5289728238979;35.47644864119489
-19.07933276465633;-0.9039666382328164
41.26347101807596;2.113173550903798
740.9419342768347;37.09709671384173
-950.2367211753794;-47.46183605876898
611.6061415050845;30.630307075254226
-908.6728580523464;-45.383642902617325
580.2967628745821;29.06483814372911
-277.6816024835533;-13.834080124177666
358.6243784643275;17.981218923216375
373.9083855835411;18.745419279177057
-936.3404154575899;-46.7670207728795
826.6687310126422;41.38343655063211
188.53173590827828;9.476586795413915
-180.30334191036434;-8.965167095518217
-805.9801566296268;-40.24900783148134
400.9028250246174;20.095141251230874
-166.03140886366987;-8.251570443183493
-640.6762912785855;-31.983814563929275
315.51512260499317;15.82575613024966
-525.8676177526373;-26.24338088763187
-723.3883158411021;-36.11941579205511
609.3894758396389;30.519473791981945
-638.122118918222;-31.8561059459111
750.797066244493;37.58985331222465
147.60301268863282;7.430150634431641
365.8926928730691;18.344634643653457
751.6178287903945;37.63089143951972
789.1336144522727;39.50668072261364
-858.984844962888;-42.899242248144404
-515.7539550363911;-25.737697751819553
868.0412906878312;43.45206453439156
472.45865653379815;23.67293282668991
164.32675619988163;8.266337809994083
604.6011663551708;30.28005831775854
444.58832906683324;22.279416453341664
260.22597914826974;13.061298957413488
-536.1224317211363;-26.756121586056818
-870.2911925337401;-43.464559626687006
195.90649805047246;9.845324902523625
-774.8754437989471;-38.69377218994736
-345.18496328362255;-17.209248164181126
-381.6239457673853;-19.031197288369263
579.5166061423859;29.025830307119296
-909.013405715411;-45.40067028577055
-823.6102345083207;-41.13051172541604
836.2874174243577;41.864370871217886
-742.663511163332;-37.08317555816661
-706.4050880292164;-35.270254401460825
297.50437377169305;14.925218688584653
-736.6595131159761;-36.78297565579881
799.4405989703725;40.02202994851863
-223.1141664306606;-11.10570832153303
990.0659861658694;49.55329930829347
921.9646588863291;46.148232944316455
107.86040265909514;5.443020132954757
-321.5814605221956;-16.029073026109778
-739.3392108217238;-36.91696054108619
911.5432227990061;45.6271611399503
-371.54565935428946;-18.527282967714473
307.75118361141176;15.43755918057059
389.04845286243767;19.502422643121886
-76.77849742970966;-3.7889248714854835
-85.47388450320591;-4.223694225160296
323.20293610516046;16.210146805258024
-554.1438337556934;-27.65719168778467
-175.93275858278457;-8.746637929139228
-547.2843825274325;-27.314219126371626
-822.0854638172332;-41.054273190861664
-625.2375783612787;-31.211878918063935
759.8775872786096;38.04387936393048
-96.46134414356084;-4.773067207178042
-698.0347559449956;-34.85173779724978
-46.35790976853025;-2.267895488426513
553.259569159906;27.712978457995305
-897.1799717185452;-44.80899858592726
869.2186241901306;43.51093120950653
-966.891818490503;-48.29459092452516
464.9810027680826;23.29905013840413
173.38270304902517;8.71913515245126
554.4526522003955;27.772632610019777
-886.239988407657;-44.26199942038286
779.4573002189156;39.02286501094578
-865.5789036983082;-43.22894518491542
-908.7081717593775;-45.38540858796888
528.0729050064824;26.453645250324122
-651.659509581976;-32.5329754790988
197.78668139707884;9.939334069853944
846.4684570983529;42.37342285491765
-818.6598671150391;-40.882993355751964
-485.1106351875077;-24.205531759375386
-381.4110697904232;-19.02055348952116
851.8236389428362;42.64118194714181
-336.92636001054495;-16.796318000527247
805.9941701021135;40.349708505105674
157.8906391289272;7.944531956446361
605.8636616968627;30.343183084843137
25.45941521541681;1.3229707607708407
519.1181254883834;26.00590627441917
640.9082421169087;32.09541210584543
602.5571120447912;30.177855602239564
-999.5286500481784;-49.92643250240893
-270.87775744054477;-13.493887872027239
393.77866889541747;19.738933444770876
293.31890667529547;14.715945333764775
693.3507109557804;34.71753554778902
-147.78324224343487;-7.339162112171744
427.85397588237674;21.44269879411884
878.6299079464945;43.98149539732473
-67.46041140646582;-3.3230205703232913
739.6385053245417;37.031925266227084
-769.6404624422004;-38.432023122110024
658.831245149938;32.9915622574969
498.1360973189667;24.956804865948335
-691.7797351544441;-34.538986757722206
-480.7163586335514;-23.98581793167757
-346.8298131622405;-17.291490658112025
-967.866832082259;-48.34334160411295
-822.3232293267233;-41.06616146633617
-579.8722912600263;-28.943614563001315
-590.7612143789133;-29.48806071894567
482.50146832783844;24.175073416391925
-327.95210300703445;-16.347605150351722
664.4192547266969;33.270962736334845
12.156671756924311;0.6578335878462156
-881.8528424524715;-44.042642122623576
-944.271380728469;-47.16356903642345
884.3073540835649;44.265367704178246
68.6632906630939;3.483164533154695
682.599374997219;34.17996874986095
-757.1585184054666;-37.807925920273334
840.9676126541667;42.098380632708334
95.41628940488522;4.820814470244261
-854.6180195135937;-42.68090097567969
296.75976264911515;14.887988132455758
903.6263477691223;45.23131738845611
285.2760729977881;14.313803649889406
159.39294817475934;8.019647408737967
502.9904358834451;25.19952179417226
-671.3089163324387;-33.51544581662194
-881.8885850962614;-44.044429254813075
-321.3682490637692;-16.01841245318846
-574.3960829452741;-28.669804147263704
909.4332079480755;45.52166039740378
700.8041508568681;35.0902075428434
-790.8709087749486;-39.49354543874743
322.1144990893538;16.15572495446769
948.0426066829657;47.452130334148286
-711.914808593723;-35.545740429686155
-400.29460610770593;-19.9647303053853
467.1194481922637;23.405972409613188
-193.42141197113926;-9.621070598556964
-396.2897616942853;-19.764488084714266
404.71146041174006;20.285573020587005
-97.9319659337699;-4.846598296688495
272.7957437389523;13.689787186947616
522.5950756507564;26.17975378253782
201.81282327285226;10.140641163642615
939.2581536071043;47.01290768035521
180.66607603877287;9.083303801938644
-219.7701162490306;-10.93850581245153
-54.825100391824776;-2.6912550195912393
425.17768479520214;21.308884239760108
522.4086470592813;26.170432352964067
777.5258261685949;38.92629130842975
-928.4831321021471;-46.37415660510736
-601.7782983520276;-30.03891491760138
-525.3107236258629;-26.215536181293146
-334.7560628114521;-16.687803140572605
683.388162550387;34.21940812751935
487.1753129078934;24.40876564539467
-840.1588385068715;-41.957941925343576
-371.154504294096;-18.5077252147048
-279.49483052889207;-13.924741526444603
990.0918384913621;49.5545919245681
-903.4227169868958;-45.121135849344796
905.813892143492;45.3406946071746
565.8337696081953;28.34168848040977
-299.3802411698614;-14.91901205849307
-762.8937550623423;-38.09468775311712
361.04671866184435;18.10233593309222
615.9629431805822;30.848147159029114
-863.1455159105703;-43.10727579552852
-614.7549590833776;-30.68774795416888
510.1539567752418;25.557697838762092
599.6968966440297;30.03484483220149
231.97818590579823;11.648909295289913
157.57312712680027;7.928656356340014
774.2958215799556;38.76479107899778
625.8515948798051;31.34257974399026
-309.4082598602421;-15.420412993012103
304.8209768499494;15.29104884249747
-652.7331857634701;-32.586659288173514
-796.5898161680356;-39.77949080840178
423.72584990550104;21.236292495275055
468.9145132381466;23.495725661907333
307.82859594174465;15.441429797087235
635.5147469150436;31.82573734575218
117.1848839699935;5.9092441984996755
-582.0179660852111;-29.050898304260556
-184.89086113833662;-9.19454305691683
-191.14354719606297;-9.507177359803148
-607.8690755059595;-30.343453775297974
-734.1940973903394;-36.65970486951697
-567.2151310497318;-28.31075655248659
-193.5073046020916;-9.625365230104581
-608.6605712296591;-30.383028561482956
32.589185358962595;1.67945926794813
495.779076319287;24.838953815964352
-753.2344637430543;-37.61172318715272
540.014927279539;27.050746363976955
-501.4839437863041;-25.024197189315206
812.6996363205819;40.684981816029094
-497.83711609587857;-24.84185580479393
-280.0092199197595;-13.950460995987976
136.32271132987307;6.866135566493654
-20.959548703434393;-0.9979774351717197
-345.2677794889372;-17.21338897444686
257.07857417978425;12.903928708989215
-326.83357655602174;-16.291678827801086
-867.7730527015564;-43.33865263507782
9.279380880331587;0.5139690440165794
158.88728982244947;7.994364491122474
-678.4125946350781;-33.87062973175391
887.7558118458071;44.437790592290355
-721.2399795298323;-36.01199897649162
-515.2572170736094;-25.712860853680468
-699.4648028376976;-34.92324014188488
905.3179024071037;45.31589512035519
-994.2357424040167;-49.66178712020084
-49.84931392457656;-2.4424656962288287
-852.1144878174719;-42.5557243908736
718.1400421432463;35.95700210716232
-145.5798702820464;-7.22899351410232
377.12893256974235;18.906446628487117
-171.01918267913447;-8.500959133956723
838.2041810416988;41.96020905208494
-103.01487551947105;-5.1007437759735526
-695.9573382980104;-34.74786691490053
784.484288803116;39.2742144401558
668.720395076148;33.4860197538074
332.8497880008233;16.69248940004117
-902.7909419027895;-45.08954709513948
-123.06069457518959;-6.1030347287594795
893.5244212169866;44.72622106084933
720.2122985488568;36.060614927442835
-223.74652946776678;-11.137326473388338
-717.5528613798905;-35.827643068994526
-197.90637657352693;-9.845318828676346
-261.2166480557896;-13.01083240278948
-83.72803028975716;-4.136401514487858
334.3542513620873;16.76771256810437
-616.2483399814566;-30.762416999072833
424.18538870364;21.259269435182002
163.9213816131662;8.24606908065831
865.5367020963549;43.32683510481775
958.6687438969036;47.98343719484518
209.65434185597314;10.53271709279866
-744.8460547902813;-37.19230273951407
-724.1717261189622;-36.15858630594811
605.0988571971234;30.304942859856173
368.48808196826303;18.474404098413153
-80.39491266310358;-3.9697456331551795
859.5899460709745;43.02949730354872
-673.5217885379614;-33.62608942689807
262.89907972094306;13.194953986047155
717.2089608342458;35.910448041712286
366.50858323043485;18.375429161521744
351.4657338082486;17.62328669041243
761.2294114978977;38.11147057489488
337.26768529457104;16.913384264728553
-231.45798463395238;-11.522899231697618
328.971602645795;16.49858013228975
724.5275304024533;36.27637652012266
283.8026035287635;14.240130176438175
-334.10813638868956;-16.65540681943448
597.7627155703246;29.938135778516234
-577.2303441904065;-28.81151720952033
691.1144396380841;34.6057219819042
418.2148038017258;20.96074019008629
215.5986670402349;10.829933352011746
438.4426937888502;21.972134689442512
420.3483215739336;21.067416078696684
261.3200906000802;13.116004530004012
-427.0400487165764;-21.302002435828822
-560.0846195544768;-27.954230977723842
-488.0801159977355;-24.354005799886774
580.1034911502711;29.055174557513556
205.01241412872923;10.300620706436463
863.5893838430943;43.22946919215472
111.948325761344;5.6474162880672
310.40021496185864;15.570010748092933
-811.3215548098815;-40.51607774049408
810.0116888285118;40.550584441425585
27.381997495234373;1.4190998747617187
-77.77989646880746;-3.8389948234403737
479.2708334126055;24.01354167063028
128.22356205362598;6.461178102681299
120.4527824744489;6.072639123722445
90.98496928410077;4.599248464205038
-63.03251646346462;-3.101625823173231
223.17101683347505;11.208550841673754
-642.3433691267355;-32.06716845633678
246.70813638356117;12.38540681917806
710.2143030223676;35.56071515111838
226.31453058343982;11.365726529171992
332.44180107634975;16.672090053817488
873.1464810354983;43.70732405177491
-280.7961343886316;-13.989806719431579
-800.0010468813483;-39.95005234406742
465.83094047156396;23.3415470235782
-859.6904018545815;-42.93452009272908
915.1771601940725;45.80885800970363
29.0046669511853;1.500233347559265
411.6305145907727;20.631525729538637
188.23706289856796;9.4618531449284
185.150631922834;9.307531596141702
266.16083258938284;13.358041629469144
-166.4387921206469;-8.271939606032344
-124.94903872884879;-6.19745193644244
769.793293410999;38.53966467054995
-703.5577498463333;-35.12788749231667
-988.2489205828375;-49.36244602914188
635.035556654721;31.80177783273605
-351.0314159453783;-17.501570797268915
678.5421312312842;33.977106561564206
229.6258527240243;11.531292636201217
-562.5292513779543;-28.076462568897718
480.13879905870726;24.056939952935366
-780.3062194380145;-38.965310971900735
-757.0282354019912;-37.80141177009956
-991.0951500899847;-49.50475750449924
451.0553392518964;22.60276696259482
-587.5015745525868;-29.325078727629343
-596.9934206764522;-29.79967103382261
-830.6369356392804;-41.48184678196402
161.50098891403877;8.12504944570194
123.23088593267289;6.211544296633645
