-610.0965118743152;-30.45482559371576
886.8642327413529;44.393211637067644
895.2584833139751;44.81292416569876
-681.9099289662258;-34.0454964483113
-696.3525966793679;-34.7676298339684
-963.7502824618291;-48.137514123091464
269.708003486134;13.5354001743067
-591.0481151082472;-29.50240575541236
786.5947896317391;39.37973948158695
-522.5742701324582;-26.07871350662291
-608.6801760683294;-30.38400880341647
7.218120746223008;0.4109060373111504
401.83656608140996;20.1418283040705
-6.751314410077498;-0.2875657205038749
138.4531591790103;6.972657958950515
-55.933585550919815;-2.746679277545991
-577.8479627687218;-28.842398138436092
898.239766645396;44.9619883322698
234.35328430107506;11.767664215053754
526.1869866701124;26.359349333505623
423.3300216063335;21.21650108031668
-49.8976933624657;-2.4448846681232856
692.909034658629;34.69545173293145
858.3939016872309;42.96969508436155
-873.7217935937136;-43.63608967968569
278.920937376904;13.996046868845202
920.891142286893;46.09455711434465
-656.7264136574361;-32.78632068287181
-560.5038505208688;-27.97519252604344
624.1240100629432;31.25620050314716
855.2730148558232;42.81365074279116
-897.2191034584743;-44.81095517292372
-708.7266824741052;-35.38633412370527
353.5256296100183;17.726281480500916
352.5505493784467;17.677527468922335
24.929762599921105;1.2964881299960553
541.198736535828;27.1099368267914
-205.7565653850353;-10.237828269251764
-168.13873061601316;-8.356936530800658
-326.11603532291906;-16.255801766145954
-624.157159281149;-31.157857964057452
-136.28390424488646;-6.764195212244323
746.6054808451327;37.38027404225663
509.53942457681524;25.526971228840765
936.9343516584124;46.89671758292062
-427.50502386909113;-21.32525119345456
952.6065920853159;47.68032960426579
868.5827527323245;43.47913763661622
-896.2643026717121;-44.76321513358561
-149.40726360430756;-7.420363180215379
-192.64486064723394;-9.582243032361697
-798.7364635176198;-39.88682317588099
-386.9732631312861;-19.298663156564306
872.0187534524066;43.65093767262033
-729.6170286354534;-36.43085143177267
730.6359315211353;36.58179657605676
605.4403104134153;30.322015520670767
-832.5113284838673;-41.57556642419337
400.92748340387107;20.096374170193556
679.1311066197277;34.00655533098638
811.0411540811353;40.60205770405677
-768.3014831496431;-38.36507415748216
-332.47025650593116;-16.573512825296557
230.59038418559817;11.57951920927991
591.4458714820685;29.622293574103427
-84.55309588753221;-4.177654794376611
-256.06609250266524;-12.753304625133262
653.497107097443;32.72485535487215
-139.73577029133446;-6.936788514566723
-88.62320203908075;-4.381160101954038
-822.8624759889744;-41.093123799448726
-47.48686899539712;-2.3243434497698563
334.89067608520077;16.79453380426004
-768.4481916645178;-38.372409583225895
554.3812036059028;27.769060180295142
-960.7117363943494;-47.985586819717476
-440.43649854618593;-21.971824927309296
-636.0464180919948;-31.752320904599742
642.4056078655879;32.17028039327939
-723.1738639421641;-36.10869319710821
-658.6558638452915;-32.88279319226458
-77.36675162351014;-3.8183375811755074
833.5857169596832;41.72928584798416
-152.62570399782112;-7.581285199891057
757.174290452492;37.9087145226246
-464.03801877779324;-23.151900938889664
-760.2213288177618;-37.9610664408881
680.7791693509766;34.08895846754883
-320.37454185208185;-15.968727092604091
11.542377399080578;0.627118869954029
41.70025350175115;2.1350126750875575
-546.2043384307142;-27.26021692153571
-565.7201657291055;-28.236008286455274
-931.8783792585006;-46.543918962925034
74.635888863138;3.7817944431569
319.4110888155262;16.020554440776312
5.6168901755038405;0.330844508775192
228.80834477952408;11.490417238976205
-465.6091880152071;-23.230459400760356
207.95763989527973;10.447881994763987
-382.05931754591484;-19.05296587729574
374.81938111623253;18.79096905581163
-659.9449612316073;-32.94724806158037
404.21797639364104;20.260898819682055
-388.9390156963681;-19.396950784818404
791.1117193756561;39.605585968782805
245.53825053541027;12.326912526770515
195.77587240818025;9.838793620409014
182.54432914543963;9.177216457271983
211.523102318042;10.626155115902101
658.5308758700523;32.976543793502614
-771.8942301567295;-38.54471150783648
-902.8695030846429;-45.09347515423215
64.96357513270868;3.2981787566354344
-514.1210496483839;-25.656052482419195
-746.8156189830997;-37.29078094915499
-438.7921726583213;-21.889608632916065
978.6578476749194;48.98289238374597
629.5963700026487;31.529818500132436
361.7843885973425;18.139219429867126
4.648889149234492;0.2824444574617246
710.5195351716643;35.57597675858322
970.9365575977779;48.59682787988889
-760.4327224912131;-37.97163612456066
-620.1762195777341;-30.958810978886703
33.74506425511299;1.7372532127556497
-103.28899719341939;-5.11444985967097
223.9655301650207;11.248276508251037
-806.3996415844066;-40.269982079220334
-225.36888860043143;-11.218444430021572
954.945023676574;47.7972511838287
-639.8894855826658;-31.94447427913329
-809.0778107134527;-40.40389053567264
-444.119226974665;-22.155961348733253
-7.568509589214159;-0.328425479460708
341.6378877153054;17.13189438576527
-441.11636581898676;-22.00581829094934
-615.9813792656696;-30.74906896328348
364.5355185924832;18.27677592962416
-716.3062155209047;-35.76531077604524
841.5852480785293;42.12926240392646
-56.40697903262446;-2.7703489516312234
-982.0127390517765;-49.05063695258883
254.34618599821806;12.767309299910904
-355.3147258223919;-17.715736291119594
756.8232871557245;37.891164357786224
832.9786523277903;41.69893261638951
-843.6240898649365;-42.131204493246834
665.9596220450824;33.34798110225412
835.943109557943;41.84715547789715
967.4502324208497;48.42251162104249
763.1657779366576;38.208288896832876
-33.574542089860756;-1.6287271044930378
-889.2857275749524;-44.414286378747626
-608.8258264559037;-30.391291322795183
843.3413698835193;42.21706849417596
641.3809956829766;32.11904978414883
654.2625537538679;32.76312768769339
607.8371308996993;30.44185654498497
994.7888155231983;49.789440776159914
873.2101736723419;43.71050868361709
205.19310349035482;10.309655174517742
-641.4081503124855;-32.02040751562428
866.1647570365551;43.35823785182775
985.5744168949693;49.32872084474847
421.9244088121736;21.146220440608683
346.1015146271368;17.35507573135684
-587.7842745294628;-29.33921372647314
814.7610305079183;40.788051525395915
-736.2806927545103;-36.764034637725516
-706.6421586121105;-35.28210793060553
-185.18521449777143;-9.209260724888571
593.689073515091;29.73445367575455
541.369494917077;27.11847474585385
421.2344165509164;21.111720827545824
-269.2661063795165;-13.413305318975825
356.7306478814562;17.886532394072812
851.9175167674737;42.645875838373684
-547.7140762126696;-27.335703810633483
438.11700764814896;21.95585038240745
353.9303572865217;17.746517864326087
933.453580012686;46.7226790006343
-293.5722794539131;-14.628613972695655
-498.2607872682914;-24.86303936341457
517.4185104320136;25.920925521600683
-107.55190086601169;-5.327595043300585
121.46591977278763;6.123295988639382
-301.89110035132046;-15.044555017566022
73.63362981733212;3.731681490866606
960.4003072237183;48.070015361185916
-525.4962793159597;-26.224813965797985
-76.14737544249556;-3.7573687721247784
778.9079147222944;38.99539573611472
-612.7194155112645;-30.585970775563226
147.75172297216614;7.437586148608307
771.5927984227967;38.629639921139834
683.6025348477533;34.23012674238766
82.75397083818007;4.187698541909003
-485.6457599634092;-24.23228799817046
-392.39529200388847;-19.569764600194425
-208.1048802657799;-10.355244013288996
-424.43633490638865;-21.171816745319433
-382.82964415834783;-19.09148220791739
297.5299794509949;14.926498972549748
-286.9643323773796;-14.298216618868981
-417.15057276196023;-20.807528638098013
-734.0517163582241;-36.65258581791121
-872.7615048283468;-43.58807524141734
891.6880312440969;44.63440156220484
-40.051298296645655;-1.9525649148322828
-181.71040795637134;-9.035520397818567
-542.0983504461716;-27.054917522308582
-543.6147952354331;-27.130739761771657
-204.0489162586698;-10.15244581293349
794.3402804266716;39.76701402133358
-920.5660927193406;-45.978304635967035
289.8278445651663;14.541392228258315
945.2004975500151;47.31002487750076
850.714474079804;42.5857237039902
-811.836258330826;-40.5418129165413
244.96384655735483;12.298192327867742
349.2257698655387;17.511288493276936
-829.6531864489332;-41.43265932244667
-972.1602862717016;-48.55801431358508
-530.78351588696;-26.489175794348
14.883742545304585;0.7941871272652293
776.6986645898767;38.88493322949383
63.85460770188456;3.242730385094228
512.4233385378236;25.671166926891182
34.71141482827875;1.7855707414139375
774.1854221259309;38.759271106296545
415.44477117391625;20.822238558695815
485.224426372705;24.31122131863525
750.0382283041617;37.55191141520809
16.33726278001177;0.8668631390005885
883.6080536514426;44.23040268257213
-102.10594740346937;-5.055297370173469
18.652142114791786;0.9826071057395894
-510.1497936025079;-25.457489680125395
434.88058756776627;21.794029378388316
-698.7384374650374;-34.88692187325187
-527.3574740593265;-26.317873702966324
106.3729086113849;5.368645430569245
728.5589778642429;36.477948893212144
-997.6096581980107;-49.83048290990054
591.3507225443752;29.617536127218763
-286.3811573481445;-14.269057867407223
212.48260082293973;10.674130041146988
936.6922669597734;46.88461334798867
494.1457630705777;24.757288153528886
-226.5713624863514;-11.27856812431757
-222.72467897102683;-11.086233948551342
-990.2000178472103;-49.460000892360526
742.566996256086;37.1783498128043
-917.0168648954169;-45.80084324477085
618.962398497416;30.9981199248708
-11.170649593315943;-0.5085324796657972
462.7297175420226;23.186485877101134
-800.1259103781781;-39.95629551890891
-152.82285561385595;-7.591142780692798
469.1784714542839;23.5089235727142
-748.3360037355795;-37.36680018677898
904.137420488498;45.2568710244249
98.72577617390971;4.986288808695486
776.0473289648971;38.85236644824486
811.8906812949072;40.64453406474536
-414.66842272697966;-20.683421136348983
-410.7316414805475;-20.48658207402738
123.51975249958491;6.225987624979246
-801.8829662075034;-40.04414831037518
-136.83952618951878;-6.791976309475939
-112.2359316047756;-5.561796580238781
-414.80807715087553;-20.690403857543778
-785.266687362998;-39.21333436814991
-966.9322932574315;-48.29661466287158
-481.38138271811795;-24.019069135905898
318.2997477455051;15.964987387275256
-950.6292717067515;-47.48146358533758
-400.94320605996097;-19.99716030299805
448.86179932702885;22.493089966351445
-483.8187761595094;-24.14093880797547
802.4039300424788;40.17019650212394
458.9804695752316;22.999023478761583
648.7996190204701;32.489980951023504
-382.39658686672897;-19.069829343336448
-324.2159637301894;-16.16079818650947
-152.2612882541423;-7.563064412707115
-552.6077946794762;-27.580389733973814
-516.3384611833817;-25.766923059169084
-482.0255480212538;-24.05127740106269
-958.6893946345454;-47.88446973172727
874.4502468289375;43.77251234144687
295.0468945882817;14.802344729414086
400.82061784699636;20.09103089234982
134.62737747346864;6.781368873673432
368.642899326685;18.48214496633425
53.02143174535104;2.7010715872675517
-18.819592024467852;-0.8909796012233926
923.0630886959273;46.20315443479636
-357.19430505165724;-17.809715252582862
837.8421285512545;41.94210642756273
66.10417544000529;3.355208772000265
327.7457247893369;16.437286239466847
103.03414246780949;5.201707123390475
61.85705486870029;3.1428527434350144
963.7754133211001;48.238770666055004
382.017248370933;19.15086241854665
-573.6478278332952;-28.63239139166476
168.1210833371547;8.456054166857735
-899.4709734493778;-44.9235486724689
-130.94822673217357;-6.497411336608679
568.5838067906816;28.47919033953408
496.8985405244905;24.894927026224526
371.8789723570562;18.643948617852814
951.2677238298215;47.613386191491074
-517.7712771934331;-25.838563859671655
563.6654386539456;28.23327193269728
860.6140045444279;43.08070022722139
-303.36812545729595;-15.118406272864798
911.8268548629148;45.64134274314574
-43.8838694052281;-2.144193470261405
-28.049867729656967;-1.3524933864828483
-787.6604252843471;-39.33302126421736
-370.4726735889848;-18.47363367944924
759.7314576204947;38.03657288102473
-870.2083669015994;-43.46041834507998
-698.5098661756851;-34.875493308784264
178.92657675783994;8.996328837891998
889.1824100045505;44.509120500227525
451.47114912577877;22.62355745628894
436.1156123191988;21.855780615959944
-314.86792196691795;-15.693396098345897
568.8322530833584;28.491612654167923
25.96726992132176;1.348363496066088
-737.4291193778604;-36.82145596889303
189.84556273154567;9.542278136577284
-373.0588926960869;-18.602944634804345
253.06646192557514;12.703323096278758
-656.6438778820343;-32.78219389410172
-648.1116665143998;-32.35558332571999
-570.5857636327812;-28.47928818163906
-524.5189000408328;-26.17594500204164
887.3730584402854;44.41865292201427
-60.22684451940381;-2.961342225970191
37.391219489268224;1.9195609744634112
-818.3645811064681;-40.86822905532341
-477.2952856110686;-23.81476428055343
-104.16871426245166;-5.158435713122583
846.1290207061895;42.356451035309476
-977.5019266115139;-48.825096330575704
165.1648085417812;8.308240427089062
70.49809521807015;3.5749047609035074
-526.995241617203;-26.299762080860148
-274.96330833225534;-13.698165416612767
-994.8890534260677;-49.69445267130339
760.502581745061;38.075129087253046
438.6618042596913;21.983090212984568
669.176947133649;33.50884735668245
-565.797365900172;-28.239868295008602
-763.2462705433052;-38.11231352716526
-605.5507616935414;-30.22753808467707
66.27007264233771;3.3635036321168856
-811.2990566110949;-40.51495283055475
142.3310072937354;7.1665503646867705
391.70615600713086;19.635307800356546
-680.60569474005;-33.980284737002506
106.4137145464108;5.370685727320541
-426.34252530170374;-21.26712626508519
651.1549175585537;32.607745877927684
-329.3357533435403;-16.416787667177015
-514.7090106222579;-25.685450531112895
32.53437294075002;1.676718647037501
406.116953199876;20.355847659993803
437.9203989008288;21.946019945041442
360.68155848438937;18.08407792421947
-6.582134626172547;-0.27910673130862734
68.04616629362181;3.4523083146810905
212.3090703751468;10.665453518757342
-980.0004203581742;-48.95002101790872
-1.3770860197241745;-0.01885430098620873
-698.5084996177866;-34.875424980889335
-414.95735971427746;-20.697867985713874
-229.65020770091144;-11.432510385045571
-499.3742233942002;-24.91871116971001
-40.65637447866811;-1.9828187239334059
-691.034971971694;-34.501748598584705
696.0345008728968;34.85172504364484
-600.0842067851204;-29.95421033925602
250.85567477666655;12.59278373883333
292.1621958042015;14.658109790210075
800.327526592389;40.066376329619445
932.8369022881022;46.69184511440511
55.11398527697588;2.805699263848794
129.99359959102594;6.549679979551297
492.43755885166524;24.671877942583265
-389.7936097613057;-19.439680488065285
-10.199761660565969;-0.45998808302829847
678.4563829405317;33.972819147026584
-883.7342123349996;-44.13671061674999
108.90110633416566;5.495055316708283
-251.03800106465644;-12.501900053232822
921.9087428568278;46.14543714284139
-299.3586820522396;-14.91793410261198
-83.51284767825871;-4.125642383912936
981.2122929628267;49.110614648141336
554.6882555769023;27.784412778845116
-460.7214505004398;-22.986072525021992
761.2683232800607;38.113416164003034
198.96077174520678;9.998038587260341
675.0397136663232;33.80198568331616
546.1536964107563;27.357684820537816
862.7215641024645;43.18607820512322
-920.1299585711023;-45.95649792855512
994.2967922182022;49.76483961091011
-999.648975508367;-49.93244877541836
798.3973297730774;39.96986648865387
-501.25436893333574;-25.01271844666679
-142.32008188006387;-7.066004094003194
456.25914467722714;22.86295723386136
-362.6038281724384;-18.08019140862192
-753.4319000294976;-37.62159500147488
-20.244272016796344;-0.9622136008398172
-36.64006017479585;-1.7820030087397924
-64.19086492599592;-3.1595432462997968
-839.3531537506942;-41.917657687534714
232.49335956402547;11.674667978201274
-977.500862366631;-48.82504311833156
613.5916143047225;30.72958071523613
-531.6722336210173;-26.533611681050868
-617.4409171030966;-30.82204585515483
588.9955296793053;29.499776483965267
206.6275989705655;10.381379948528275
782.8031632593791;39.190158162968956
-615.8164846036747;-30.740824230183733
360.92747293649313;18.09637364682466
380.59255637125784;19.079627818562894
945.8946399452311;47.344731997261555
-789.1813236644351;-39.40906618322176
942.50794440439;47.175397220219494
996.0045876067065;49.85022938033533
-432.44875494604116;-21.572437747302057
-974.8080069799072;-48.69040034899537
-762.324264446271;-38.06621322231355
787.0202816963908;39.40101408481954
409.62375240427946;20.531187620213974
683.9838284791379;34.249191423956894
-157.20129171280894;-7.810064585640448
119.03847252659034;6.001923626329517
490.55151290998015;24.57757564549901
440.2132027830303;22.060660139151516
-348.35585245233153;-17.367792622616577
-282.2814530680557;-14.064072653402786
-787.6755624088423;-39.33377812044212
19.00951320691297;1.0004756603456486
859.3628400730208;43.01814200365104
352.5478546903091;17.677392734515458
953.6217328068046;47.73108664034023
-529.7642316069912;-26.43821158034956
-657.4126825758776;-32.820634128793884
695.9283018303868;34.84641509151934
101.38556394671969;5.119278197335984
-260.4636189570018;-12.973180947850091
-245.55418622905495;-12.227709311452747
5.394333432636699;0.319716671631835
-234.4348700320262;-11.67174350160131
-218.37753109964763;-10.868876554982382
175.6593201222206;8.83296600611103
-72.18733585214147;-3.559366792607074
158.54244676973258;7.977122338486629
-773.1043694275442;-38.60521847137721
-659.1748009395344;-32.908740046976725
891.3575233585404;44.61787616792702
-187.21280818677894;-9.310640409338946
-902.3336764011669;-45.06668382005835
-843.3952576113004;-42.11976288056503
-312.11600282149755;-15.555800141074878
525.9037167992797;26.345185839963985
531.7061711243434;26.635308556217172
935.6447065513698;46.83223532756849
-397.7503028231306;-19.83751514115653
641.6731665446589;32.13365832723294
926.236713600869;46.361835680043455
-343.262957075444;-17.113147853772197
841.8624918394637;42.143124591973184
-509.82133835001895;-25.441066917500947
-288.612074174928;-14.380603708746401
-701.3029164734594;-35.015145823672974
174.5975236870563;8.779876184352817
776.2312122252272;38.86156061126136
-210.90308031800146;-10.495154015900074
71.94028011092632;3.6470140055463163
-545.4614085602509;-27.223070428012544
107.16316517500718;5.408158258750359
352.8710999403802;17.69355499701901
448.7258535067981;22.486292675339907
-234.9137711371767;-11.695688556858835
-43.88945108800385;-2.144472554400193
988.6352790083031;49.48176395041516
711.812088716382;35.6406044358191
340.53795289414256;17.07689764470713
624.9505046764755;31.297525233823777
570.6530050400372;28.582650252001862
219.31822769100881;11.015911384550442
-507.4928509126908;-25.324642545634543
-202.18962650998515;-10.059481325499258
146.23566832839106;7.361783416419553
120.52350351333484;6.076175175666743
810.1613669443557;40.558068347217784
-179.71435882398464;-8.935717941199231
-680.8113094279979;-33.9905654713999
777.6723000517122;38.93361500258561
-242.37838242896225;-12.068919121448113
-850.9372122782595;-42.49686061391298
-939.7904055338544;-46.939520276692726
20.950435773373442;1.0975217886686721
-10.016426494556754;-0.4508213247278377
-953.8514277656762;-47.64257138828382
-380.9088881303817;-18.995444406519084
303.3294834222588;15.216474171112942
-900.4142823908041;-44.97071411954021
-229.69446763302085;-11.434723381651043
591.7980739312281;29.639903696561408
382.2828936078183;19.16414468039092
-592.6731699038971;-29.583658495194857
-218.130091015468;-10.8565045507734
102.26998631121296;5.163499315560649
-107.79777834700747;-5.339888917350374
-550.999786159418;-27.499989307970903
-450.5880271115252;-22.47940135557626
150.2157484000361;7.560787420001804
492.9313893003116;24.696569465015582
-740.2184082342886;-36.96092041171443
-36.690986797088385;-1.7845493398544192
0.08362716331953379;0.05418135816597669
466.933209629012;23.396660481450603
123.64895316274851;6.232447658137426
882.104324710293;44.15521623551465
-444.70956317667265;-22.185478158833632
-153.08850101090775;-7.604425050545388
717.0932174491954;35.90466087245977
-457.5475096551154;-22.82737548275577
-68.13768488487449;-3.356884244243725
-203.66258496075454;-10.133129248037728
580.0136359930866;29.05068179965433
149.27618766282967;7.513809383141484
-168.73407293234015;-8.386703646617008
-117.33479775615228;-5.816739887807615
-418.23448571803976;-20.86172428590199
536.2478158541203;26.862390792706016
-679.1423275718151;-33.907116378590764
-758.0877789199141;-37.85438894599571
-476.0625406400245;-23.753127032001228
890.7614244714139;44.588071223570694
-580.0942562547968;-28.954712812739842
740.2482214180884;37.06241107090442
493.37619271720223;24.718809635860115
443.5948528764409;22.229742643822046
-469.48651844596395;-23.4243259222982
-617.6410635748368;-30.83205317874184
-55.24568717753732;-2.7122843588768664
305.8468453195085;15.342342265975425
-367.77499030908564;-18.338749515454282
798.4195453221396;39.97097726610698
807.4780443925492;40.423902219627465
-222.19734953483237;-11.05986747674162
-174.77436157605086;-8.688718078802543
393.8117698065805;19.740588490329028
3.9836910060884065;0.24918455030442033
-342.75443214728864;-17.087721607364433
-26.9167727612014;-1.2958386380600702
146.17989636785978;7.358994818392989
-933.8257933069139;-46.641289665345695
663.8392860523747;33.24196430261873
-88.10340252662536;-4.355170126331268
950.4684499989571;47.57342249994785
915.0677612994127;45.80338806497063
894.8756270901292;44.793781354506464
224.6292802273465;11.281464011367326
-109.65202648182321;-5.432601324091161
-454.65480214422075;-22.68274010721104
-99.04278835085847;-4.902139417542924
-522.3524476362813;-26.06762238181407
-90.67353772187812;-4.483676886093907
904.9554354504717;45.29777177252358
865.0763500585356;43.303817502926776
51.92842782544108;2.646421391272054
330.85231681600567;16.592615840800285
-518.6609298139368;-25.88304649069684
-480.7370849129327;-23.986854245646636
-531.5096533828163;-26.525482669140814
-736.4589883034789;-36.77294941517395
-544.8300026424733;-27.191500132123668
290.67700284365924;14.583850142182964
361.3550088850491;18.117750444252454
608.5077796259611;30.475388981298057
-497.90071143678284;-24.845035571839144
-369.17463117383727;-18.408731558691862
-24.015681023317597;-1.15078405116588
-840.5690575294547;-41.97845287647274
139.26681685280596;7.013340842640298
852.3037809508701;42.66518904754351
-664.265924766647;-33.16329623833236
247.59792005073632;12.429896002536818
-671.6092449828916;-33.530462249144584
-268.8231360705711;-13.391156803528554
-859.0239781099249;-42.90119890549625
-610.3856582760017;-30.469282913800082
532.8098232100365;26.690491160501825
879.4232364479878;44.02116182239939
-676.4542659703208;-33.772713298516045
352.7448689364412;17.687243446822063
-67.24405997379336;-3.312202998689668
-766.0875202345081;-38.25437601172541
-324.3278074147378;-16.166390370736888
-88.12859677438905;-4.356429838719453
-980.1643164788501;-48.95821582394251
723.2754991230565;36.213774956152825
111.39775998565233;5.619887999282617
694.71065805681;34.785532902840494
667.8893711305075;33.44446855652537
-896.9514153034318;-44.79757076517159
-83.46759979304716;-4.123379989652358
-724.9186437103331;-36.19593218551666
934.1176002617176;46.75588001308588
-888.1768596129649;-44.35884298064825
-198.7723526838463;-9.888617634192315
517.2183060583327;25.91091530291664
-583.2866926665274;-29.114334633326372
-127.01306874612999;-6.3006534373065
588.8000706633916;29.49000353316958
-59.452464090180115;-2.922623204509006
337.1430381526161;16.907151907630805
130.6169890899639;6.580849454498195
-249.18455276470786;-12.409227638235393
-126.90022153208554;-6.295011076604277
783.9390295454518;39.24695147727259
975.6562243814387;48.832811219071935
-674.2994396575461;-33.66497198287731
-491.9250077538904;-24.54625038769452
440.7744182563347;22.088720912816736
414.55007227979695;20.77750361398985
636.7853184683161;31.889265923415806
370.3438313850836;18.56719156925418
558.226790366864;27.9613395183432
-184.95016691247224;-9.197508345623612
757.6354484032565;37.93177242016282
-934.8033182575131;-46.690165912875656
-387.62214480789646;-19.331107240394825
707.0057310995387;35.40028655497694
-831.9589655091136;-41.54794827545568
-353.8553511929048;-17.64276755964524
-499.95190481355365;-24.947595240677682
-812.8984102573781;-40.59492051286891
-175.39257118157184;-8.719628559078592
539.8430254594377;27.04215127297189
-893.2514399328861;-44.61257199664431
467.71516090428713;23.43575804521436
-116.84286647607234;-5.792143323803618
465.3992143833407;23.319960719167035
358.66953722383823;17.983476861191914
84.23997907477747;4.261998953738873
74.28029987508307;3.7640149937541536
533.9268825457734;26.746344127288673
266.39494358261277;13.36974717913064
668.7203539629577;33.48601769814788
300.4956897315301;15.074784486576506
-517.813181236374;-25.8406590618187
197.98688505514042;9.949344252757022
-361.4029762629476;-18.02014881314738
-350.50259584899516;-17.475129792449756
649.8100228948858;32.54050114474429
-93.46772705624983;-4.623386352812492
92.24988046410317;4.662494023205158
797.1564531299982;39.90782265649991
-767.9134530533536;-38.34567265266768
-698.4272588255496;-34.87136294127749
941.6486029610558;47.13243014805279
721.0181133625879;36.10090566812939
-66.3179815383761;-3.2658990769188057
701.3508298922552;35.11754149461276
-373.63905575177967;-18.631952787588983
-800.3837239972275;-39.96918619986138
708.4853475866;35.47426737933
756.3782368628547;37.86891184314273
251.9938931071647;12.649694655358235
-262.70040234372027;-13.085020117186014
-374.78011498706906;-18.689005749353452
441.31250402550313;22.115625201275158
-689.0737304338109;-34.403686521690545
878.7388370558483;43.98694185279241
-647.2685648931484;-32.31342824465742
-166.1670578571128;-8.25835289285564
-459.4339242621885;-22.921696213109424
370.18712920644725;18.559356460322363
-368.4316021961598;-18.37158010980799
332.3788072292448;16.66894036146224
-862.7128154721122;-43.08564077360562
-214.17095319115845;-10.658547659557922
-251.69629968906418;-12.53481498445321
-615.6883380321585;-30.734416901607926
-412.51158116053773;-20.575579058026886
-20.575291256277524;-0.9787645628138761
926.0152173610475;46.350760868052376
-686.7230315050451;-34.28615157525226
954.4009433999618;47.77004716999809
-956.4084739312771;-47.77042369656386
-414.5538466132534;-20.677692330662673
-102.8247076176392;-5.091235380881961
-845.5547817687436;-42.22773908843719
575.9142242792977;28.84571121396489
408.04598437841946;20.452299218920974
-717.7409286827448;-35.83704643413724
-620.411216735137;-30.970560836756853
-686.4806765551199;-34.274033827756
203.78993600318177;10.23949680015909
-864.9539310184307;-43.19769655092154
890.8575741905122;44.59287870952561
-211.83761376095458;-10.54188068804773
901.7783246840115;45.13891623420058
727.3891019820867;36.41945509910433
-990.3895966743321;-49.46947983371661
379.7757015393538;19.03878507696769
357.9536393676992;17.947681968384963
222.15425622084194;11.1577128110421
539.2623739584399;27.013118697921996
-228.58701345310624;-11.379350672655312
478.81070567628876;23.99053528381444
642.652100571778;32.182605028588895
314.23736004638;15.761868002319002
535.236844597109;26.81184222985545
-74.31330232582957;-3.665665116291479
854.0015154123116;42.75007577061558
237.41993990773176;11.92099699538659
-968.8393730596314;-48.391968652981575
250.4929286843619;12.574646434218097
496.0665573145807;24.853327865729035
821.2242972124827;41.11121486062414
577.2573699372817;28.91286849686409
-814.2937791788601;-40.66468895894301
-411.016186366631;-20.50080931833155
285.49647992146856;14.32482399607343
963.4926853661957;48.224634268309785
-289.89787968518124;-14.444893984259062
837.7024739158483;41.93512369579241
-66.18767273066919;-3.25938363653346
-129.26953741505827;-6.4134768707529135
-5.320018336010662;-0.21600091680053313
-875.3942175331921;-43.71971087665961
40.76333277195181;2.0881666385975906
347.7324545140409;17.436622725702048
923.0139598766164;46.200697993830815
-687.4477492312317;-34.32238746156159
-382.71095264931796;-19.085547632465897
-51.947884670781946;-2.5473942335390976
-589.2933699988092;-29.41466849994046
253.7771491279816;12.738857456399082
-438.5242454011935;-21.87621227005968
-994.3868742810362;-49.66934371405181
534.1604350906869;26.758021754534344
487.7633462460426;24.43816731230213
-508.6902555413959;-25.384512777069798
34.61231016166971;1.7806155080834858
-206.42035025298094;-10.271017512649047
780.847827485931;39.092391374296554
-645.8305339792207;-32.24152669896104
-891.1283959411809;-44.50641979705905
982.321823971175;49.16609119855875
828.108826176609;41.45544130883045
-279.91864904758734;-13.945932452379367
-836.420926102136;-41.77104630510681
-718.4439281138146;-35.87219640569074
366.53598453653535;18.37679922682677
-435.98257223793917;-21.74912861189696
884.7811713591175;44.28905856795588
873.1591633128071;43.707958165640356
-624.1432440831031;-31.157162204155156
590.4502615339018;29.572513076695092
-962.2266566099531;-48.06133283049766
-204.02268060101255;-10.151134030050628
-968.3492781138541;-48.36746390569271
840.8702604403354;42.09351302201677
252.49512415831646;12.674756207915824
305.1212791744133;15.306063958720667
-38.18905163012175;-1.8594525815060876
-30.35247940138254;-1.467623970069127
577.8005593238001;28.94002796619001
857.0938284042347;42.90469142021173
419.89120223015925;21.044560111507966
119.45074207326684;6.022537103663342
429.8502391268512;21.54251195634256
-727.5279987073644;-36.32639993536822
-268.2470379884568;-13.362351899422839
868.8948442541082;43.49474221270541
-141.52592868974148;-7.026296434487074
-484.48101562028876;-24.17405078101444
-271.78819573760563;-13.539409786880281
-740.4374770243599;-36.971873851218
-436.8763062438712;-21.793815312193562
171.18055677907228;8.609027838953615
-808.7282846564159;-40.3864142328208
629.1589736661294;31.507948683306473
-124.87840555578282;-6.193920277789141
-782.780623572676;-39.0890311786338
-785.8647250715378;-39.243236253576896
-392.66833048866715;-19.583416524433357
-925.730139576453;-46.23650697882265
-545.3728904639449;-27.21864452319725
-564.9136352108384;-28.19568176054192
122.84981564963277;6.192490782481639
-220.2970615947437;-10.964853079737185
218.9394494698181;10.996972473490906
848.4247349255772;42.47123674627886
374.28628403896846;18.764314201948423
622.1894624836789;31.159473124183947
-983.8739211022294;-49.14369605511148
380.01418777700405;19.050709388850205
116.36728570327864;5.868364285163932
-113.55361747041661;-5.6276808735208315
-206.68128603134278;-10.284064301567138
38.80810032922227;1.9904050164611136
-921.4121534291994;-46.02060767145998
531.0473943392183;26.602369716960915
-433.9375460505504;-21.64687730252752
713.7349258315814;35.736746291579074
-47.77978967307047;-2.3389894836535237
-763.9714040469303;-38.14857020234652
811.9561754529275;40.64780877264637
-199.10061156029087;-9.905030578014543
-24.48321493051094;-1.174160746525547
858.8025712031097;42.99012856015548
247.51539944754495;12.42576997237725
576.2924835065869;28.864624175329347
210.14443792659063;10.557221896329533
-36.58137238111374;-1.779068619055687
-379.2634305514115;-18.913171527570576
-478.5103997216695;-23.875519986083475
-126.19717664698601;-6.259858832349301
661.4087738995386;33.120438694976926
-135.95920308643224;-6.747960154321612
-525.3349840943469;-26.216749204717342
356.4183820933688;17.87091910466844
-523.5532842001073;-26.127664210005367
588.6352986055024;29.481764930275123
964.7819172090356;48.28909586045178
-55.727680893565434;-2.736384044678272
102.76609787738903;5.188304893869452
366.5756176024852;18.37878088012426
-30.04617254188838;-1.4523086270944192
-489.64325635374917;-24.43216281768746
-695.9333534054031;-34.746667670270156
-788.7709540529909;-39.38854770264955
756.0590895112236;37.852954475561184
977.0760612201773;48.903803061008865
755.1750651708428;37.80875325854214
721.6003650016571;36.130018250082856
-846.1854155156038;-42.259270775780195
-291.88660877056316;-14.544330438528158
505.39811892036823;25.319905946018412
184.80015879831058;9.29000793991553
-393.763485403771;-19.638174270188554
-980.4716014588093;-48.97358007294047
-5.06920095549799;-0.20346004777489957
-892.6850140637977;-44.58425070318989
472.456305962992;23.672815298149605
7.538432891476987;0.42692164457384935
-938.034078729483;-46.85170393647415
615.5322098965135;30.826610494825676
-736.1656401279972;-36.75828200639987
-146.94720272511438;-7.29736013625572
-812.2285436325607;-40.56142718162804
415.84115744914857;20.84205787245743
257.7534700880344;12.937673504401722
171.0581659186057;8.602908295930286
908.000515852827;45.45002579264135
472.4710051436907;23.673550257184537
-851.4612316291226;-42.52306158145613
-361.9051047672357;-18.045255238361783
221.06701973364193;11.103350986682099
736.3173114116221;36.8658655705811
-913.1059996234046;-45.60529998117023
297.2103192831762;14.910515964158812
-503.87593430221165;-25.143796715110582
966.4621547161723;48.37310773580862
737.7493711361915;36.93746855680957
774.0266035473637;38.75133017736819
431.55220443537723;21.627610221768865
426.6194164862875;21.380970824314378
-673.1647100345546;-33.608235501727734
804.7797442802112;40.28898721401056
673.4436717987135;33.722183589935675
-711.4163251954028;-35.52081625977014
7.61314537565022;0.430657268782511
994.1493205684321;49.757466028421604
-801.396051889518;-40.019802594475905
298.52831088284006;14.976415544142004
-1.5518134978758553;-0.02759067489379277
868.6624970006824;43.483124850034116
343.56173521387154;17.22808676069358
-235.8786333398881;-11.743931666994404
-837.5432696048786;-41.82716348024393
732.3922773375364;36.669613866876816
-348.2141813051753;-17.360709065258767
-281.4738597135116;-14.02369298567558
794.8431356553892;39.79215678276946
-380.1752284076798;-18.95876142038399
-197.48313493759292;-9.824156746879646
73.25490101105811;3.7127450505529054
804.1261527533256;40.25630763766628
131.43882053317998;6.621941026658999
-813.3333715854023;-40.616668579270126
751.300720952039;37.61503604760195
-267.4557923316412;-13.32278961658206
-348.24468807559344;-17.362234403779674
228.10993008078026;11.455496504039015
-77.30330047664347;-3.815165023832174
-139.58259907508057;-6.929129953754029
649.6290144884701;32.53145072442351
833.4028399121769;41.72014199560884
263.3853566445241;13.219267832226206
38.59699831484863;1.9798499157424319
-878.9383051367064;-43.89691525683533
796.3603996932839;39.868019984664194
680.2443310332708;34.06221655166354
-170.3572053519913;-8.467860267599564
181.45652299088715;9.122826149544359
787.215825724096;39.4107912862048
131.68834161561858;6.6344170807809295
403.72060269628355;20.23603013481418
-333.45951204004893;-16.622975602002448
-457.13045058908654;-22.806522529454327
384.45765212309266;19.272882606154635
323.71139551092233;16.235569775546118
-39.689779005995774;-1.9344889502997888
310.0165634899736;15.55082817449868
-388.26326965575936;-19.363163482787968
944.6315714273555;47.281578571367774
163.89912328587138;8.244956164293571
597.5748416676101;29.92874208338051
-513.4295669516256;-25.62147834758128
195.4536667074476;9.822683335372382
-970.4707740997884;-48.47353870498942
330.63064237201525;16.581532118600762
-252.88090406543188;-12.594045203271595
224.92549126115637;11.29627456305782
786.0956155721581;39.3547807786079
810.5485096748316;40.57742548374158
58.77910047449882;2.988955023724941
-458.7904427654397;-22.889522138271985
427.59671564005043;21.429835782002524
-445.4007371384354;-22.22003685692177
-586.21400970223;-29.2607004851115
203.13657372948978;10.206828686474491
507.32345006351943;25.416172503175975
126.1920169657908;6.35960084828954
894.7121564536185;44.78560782268092
421.32344653641644;21.116172326820823
-559.9851868067145;-27.949259340335725
440.38266804356044;22.069133402178025
-107.75263358065376;-5.337631679032689
-403.0893262183737;-20.104466310918685
571.0870328132783;28.604351640663914
533.2756588648285;26.71378294324143
963.9040518527631;48.24520259263816
968.2081283156022;48.460406415780106
863.2253088366822;43.21126544183411
333.4287708196741;16.72143854098371
119.73458059909967;6.036729029954984
-428.0592039676967;-21.352960198384835
-381.25066221673;-19.0125331108365
-24.313981209174585;-1.1656990604587294
588.2001179558713;29.460005897793568
572.5392067485245;28.676960337426227
472.58558859810637;23.67927942990532
-191.01733678603262;-9.500866839301631
535.5359934083972;26.826799670419863
-317.3422675029716;-15.81711337514858
236.77699795559897;11.88884989777995
9.865725791193995;0.5432862895596998
210.49567858987757;10.57478392949388
518.9029250568117;25.995146252840588
429.8792853668149;21.543964268340748
-762.9547230894253;-38.09773615447127
729.9635900795995;36.54817950397997
-95.2865384153572;-4.71432692076786
-454.34402303458126;-22.667201151729063
192.75799281338254;9.687899640669128
-860.716879527529;-42.98584397637646
667.2897606100712;33.414488030503556
-968.0745988505362;-48.35372994252681
25.897878813542775;1.344893940677139
619.5668738124446;31.02834369062223
-619.0049420201292;-30.90024710100646
-979.5585477699901;-48.92792738849951
870.3891576859803;43.56945788429901
549.2147429041679;27.5107371452084
872.0146548094167;43.650732740470836
547.9735011905395;27.44867505952698
806.3975225348356;40.36987612674178
969.7182715915637;48.535913579578185
2.356220222285515;0.16781101111427577
